<?xml version="1.0" encoding="UTF-8"?>
<plugin_manifest xmlns="http://www.elgg.org/plugin_manifest/1.8">
	<name>Custom Static Page</name>
	<author>Alex Falk, RiverVanRain</author>
	<version>1.0</version>
	<category>dev</category>
	<description>Allows users to put any PHP/HTML/Text in to their own page with its own menu link and sidebar</description>
	<website>http://weborganizm.org/crewz/p/1983/personal-net</website>
	<copyright>(c) weborganiZm 2k13</copyright>
	<license>GNU General Public License version 2</license>
	<requires>
		<type>elgg_release</type>
		<version>1.8</version>
	</requires>
</plugin_manifest>
